family,seed,olm_commit,transformers,params_olm,params_ref,max_logit_abs_err,mean_logit_abs_err,loss_abs_err,cos_emb,cos_early,cos_late,status
gpt2,11,575942c5ac26717a23b80aff78bd64b27159adca,5.14.0,220608,220608,3.129243850708008e-07,5.0629115122546864e-08,0.0,0.9999999999999146,0.9999999999998085,0.9999999999998753,complete
gpt2,22,575942c5ac26717a23b80aff78bd64b27159adca,5.14.0,220608,220608,3.129243850708008e-07,4.899603567309896e-08,0.0,0.9999999999999122,0.99999999999982,0.999999999999878,complete
gpt2,33,575942c5ac26717a23b80aff78bd64b27159adca,5.14.0,220608,220608,2.980232238769531e-07,4.9536225787960575e-08,0.0,0.9999999999999093,0.9999999999998145,0.9999999999998901,complete
llama3,11,575942c5ac26717a23b80aff78bd64b27159adca,5.14.0,201344,201344,2.384185791015625e-07,3.4425557515760374e-08,0.0,0.9999999999999537,0.9999999999998918,0.9999999999998902,complete
llama3,22,575942c5ac26717a23b80aff78bd64b27159adca,5.14.0,201344,201344,2.384185791015625e-07,3.5080564231293465e-08,0.0,0.9999999999999547,0.9999999999998995,0.9999999999998774,complete
llama3,33,575942c5ac26717a23b80aff78bd64b27159adca,5.14.0,201344,201344,2.682209014892578e-07,3.5521459551546286e-08,0.0,0.9999999999999455,0.9999999999998908,0.9999999999998737,complete
qwen2,11,575942c5ac26717a23b80aff78bd64b27159adca,5.14.0,201856,201856,3.5762786865234375e-07,3.571384610268069e-08,0.0,0.9999999999999551,0.9999999999998971,0.9999999999998739,complete
qwen2,22,575942c5ac26717a23b80aff78bd64b27159adca,5.14.0,201856,201856,3.5762786865234375e-07,3.351552280150827e-08,0.0,0.9999999999999521,0.9999999999999074,0.9999999999998891,complete
qwen2,33,575942c5ac26717a23b80aff78bd64b27159adca,5.14.0,201856,201856,2.980232238769531e-07,3.526799474684594e-08,4.76837158203125e-07,0.9999999999999518,0.9999999999998711,0.9999999999998855,complete
